KAVA/USDT,5,4,1,80.0,2.512423,2.124207,0.317034,0.491619,-0.381307,2.91029,0.317034,-0.000264,0.553849,64.275458,8.108974
NOM/USDT,2,2,0,100.0,0.324202,0.166069,0.413262,0.413262,,,0.413262,0.151979,0.613876,58.295358,0.0
NIGHT/USDT,1,1,0,100.0,0.152801,0.082389,0.371984,0.371984,,,0.371984,0.078973,0.572557,60.770275,0.0
SKY/USDT,2,2,0,100.0,0.094636,0.048124,0.39445,0.39445,,,0.39445,0.076723,0.595045,56.080444,0.0
KAT/USDT,5,3,2,60.0,0.089092,0.119739,0.148562,0.380937,-0.2,2.856083,0.148562,0.035421,0.405456,58.763283,11.300982
ON/USDT,2,2,0,100.0,0.078518,0.047807,0.327676,0.327676,,,0.327676,0.109466,0.551132,55.343148,0.0
STO/USDT,2,1,1,50.0,0.073189,0.047701,0.306588,0.615147,-0.00197,311.122881,0.306588,-0.085344,0.604999,56.995513,0.0
AXS/USDT,8,5,3,62.5,0.056494,1.535506,0.09418,0.269914,-0.19871,1.074213,0.09418,0.063961,0.336642,60.361542,27.198776
AIOT/USDT,1,1,0,100.0,0.050962,0.024142,0.423509,0.423509,,,0.423509,-0.138696,0.624133,58.170319,0.0
LIT/USDT,1,1,0,100.0,0.048445,0.024056,0.40399,0.40399,,,0.40399,0.604595,0.604595,58.546578,0.0
ARIA/USDT,1,1,0,100.0,0.044853,0.024005,0.374771,0.374771,,,0.374771,0.306851,0.575346,58.468488,0.0
OPN/USDT,4,2,2,50.0,0.033416,0.095618,0.069811,0.170571,-0.03095,5.497443,0.06981,0.083783,0.353762,57.458212,14.763417
SOLV/USDT,1,1,0,100.0,0.031785,0.024087,0.264531,0.264531,,,0.264531,0.232498,0.490829,59.546614,0.0
ONG/USDT,1,1,0,100.0,0.031197,0.024086,0.259641,0.259641,,,0.259641,0.575126,0.517613,58.045802,0.0
VVV/USDT,1,1,0,100.0,0.028403,0.024059,0.236626,0.236626,,,0.236626,0.174825,0.480769,57.498113,0.0
AIA/USDT,2,1,1,50.0,0.02705,0.048134,0.11087,0.421739,-0.2,2.127083,0.110869,0.024262,0.310559,57.471133,0.0
LDO/USDT,2,1,1,50.0,0.026261,0.04724,0.11184,0.275856,-0.052175,5.25624,0.11184,0.074515,0.445416,57.745194,0.0
ZBT/USDT,1,1,0,100.0,0.02482,0.02397,0.207512,0.207512,,,0.207512,0.049746,0.437767,55.740009,0.0
ROBO/USDT,2,2,0,100.0,0.024356,0.047919,0.101517,0.101517,,,0.101517,0.115264,0.324141,59.439655,30.166365
CETUS/USDT,1,1,0,100.0,0.023596,0.023929,0.196829,0.196829,,,0.196829,0.148662,0.445986,55.477968,0.0
MON/USDT,1,1,0,100.0,0.021076,0.023905,0.176002,0.176002,,,0.176002,0.041736,0.417362,55.08022,0.0
COS/USDT,1,1,0,100.0,0.019997,0.023991,0.16701,0.16701,,,0.16701,0.073475,0.440852,59.392129,0.0
CHZ/USDT,1,1,0,100.0,0.018172,0.023978,0.151843,0.151843,,,0.151843,-0.02348,0.422634,56.2194,0.0
TWT/USDT,3,2,1,66.67,0.014465,0.071942,0.040212,0.174209,-0.227782,1.530222,0.040225,0.181515,0.266318,55.648531,0.0
EDGE/USDT,1,1,0,100.0,0.011885,0.024032,0.099057,0.099057,,,0.099057,0.014968,0.493938,56.846141,0.0
PAXG/USDT,1,1,0,100.0,0.005813,0.018567,0.062704,0.062704,,,0.062704,-0.024161,0.323154,57.477134,33.642361
XLM/USDT,1,0,1,0.0,-0.000112,0.023912,-0.000938,,-0.000938,0.0,-0.000938,-0.134795,0.269589,55.771028,44.0
THE/USDT,1,0,1,0.0,-0.001735,0.023975,-0.014458,,-0.014458,0.0,-0.014458,0.185357,0.370714,59.053669,0.0
ONT/USDT,3,1,2,33.33,-0.001752,0.155907,0.042055,0.40129,-0.137562,0.971838,0.042037,0.158964,0.242297,59.64141,0.0
CFG/USDT,1,0,1,0.0,-0.002022,0.023922,-0.01689,,-0.01689,0.0,-0.01689,0.609756,0.365854,56.25853,0.0
BNB/USDT,1,0,1,0.0,-0.007027,0.012327,-0.114061,,-0.114061,0.0,-0.114061,-0.086025,0.121733,55.785714,40.897436
FHE/USDT,1,0,1,0.0,-0.011301,0.024013,-0.094174,,-0.094174,0.0,-0.094174,0.0,0.370763,56.041982,0.0
AAVE/USDT,1,0,1,0.0,-0.012607,0.019607,-0.128643,,-0.128643,0.0,-0.128643,-0.040816,0.112245,55.785714,40.897436
XAUT/USDT,2,0,2,0.0,-0.016077,0.042508,-0.086622,,-0.086622,0.0,-0.086622,0.017625,0.31542,56.405025,16.821181
ADA/USDT,1,0,1,0.0,-0.018823,0.023524,-0.160072,,-0.160072,0.0,-0.160072,0.0,0.119904,55.0,0.0
HOOD/USDT,1,0,1,0.0,-0.020534,0.024003,-0.171119,,-0.171119,0.0,-0.171119,0.0,0.173461,56.787148,23.020237
ETH/USDT,1,0,1,0.0,-0.022609,0.020209,-0.223725,,-0.223725,0.0,-0.223725,0.078669,0.025234,55.0,0.0
EWY/USDT,1,0,1,0.0,-0.023988,0.023988,-0.2,,-0.2,0.0,-0.2,0.0,0.0,56.832731,0.0
SAHARA/USDT,1,0,1,0.0,-0.024,0.024,-0.2,,-0.2,0.0,-0.2,0.21796,0.087184,57.023739,56.051517
XPL/USDT,1,0,1,0.0,-0.024,0.024,-0.2,,-0.2,0.0,-0.2,0.471698,0.377358,57.260885,35.684028
ZRO/USDT,1,0,1,0.0,-0.024001,0.024001,-0.2,,-0.2,0.0,-0.2,0.0,0.0,55.948317,0.0
GALA/USDT,1,0,1,0.0,-0.024078,0.024078,-0.2,,-0.2,0.0,-0.2,0.342466,0.0,55.1375,55.785714
ICP/USDT,1,0,1,0.0,-0.027545,0.022545,-0.24441,,-0.24441,0.0,-0.24441,0.088731,0.133097,55.103125,55.103125
ENJ/USDT,1,0,1,0.0,-0.029788,0.023978,-0.248401,,-0.248401,0.0,-0.248401,0.484496,0.484496,56.158561,44.34375
2Z/USDT,1,0,1,0.0,-0.031547,0.023897,-0.26394,,-0.26394,0.0,-0.26394,0.422427,0.128008,57.583996,34.225694
SOL/USDT,1,0,1,0.0,-0.033134,0.023334,-0.283879,,-0.283879,0.0,-0.283879,0.167926,0.0,55.0,0.0
ORCA/USDT,2,0,2,0.0,-0.034292,0.047959,-0.143044,,-0.143044,0.0,-0.143044,-0.057013,0.057013,57.841189,0.0
DOT/USDT,1,0,1,0.0,-0.042427,0.023827,-0.356406,,-0.356406,0.0,-0.356406,0.234375,-0.15625,55.0,55.0
LINK/USDT,1,0,1,0.0,-0.043374,0.023914,-0.362458,,-0.362458,0.0,-0.362458,0.197468,-0.069695,55.105769,0.0
SEI/USDT,3,2,1,66.67,-0.04399,0.07191,-0.120363,0.268236,-0.897561,0.59331,-0.120324,0.12978,0.427435,56.653969,18.767012
ETC/USDT,1,0,1,0.0,-0.044556,0.023976,-0.371993,,-0.371993,0.0,-0.371993,0.098184,0.024546,55.825,55.825
HBAR/USDT,1,0,1,0.0,-0.047367,0.023787,-0.397865,,-0.397865,0.0,-0.397865,0.209067,-0.088028,55.0,0.0
AVAX/USDT,1,0,1,0.0,-0.049764,0.017764,-0.559272,,-0.559272,0.0,-0.559272,0.438301,0.123623,55.105769,0.0
XRP/USDT,1,0,1,0.0,-0.054196,0.023936,-0.453418,,-0.453418,0.0,-0.453418,0.335071,0.022338,55.771028,0.0
DOGE/USDT,1,0,1,0.0,-0.074156,0.023846,-0.620654,,-0.620654,0.0,-0.620654,0.766573,0.053984,55.771028,0.0
FIL/USDT,1,0,1,0.0,-0.081896,0.023896,-0.687105,,-0.687105,0.0,-0.687105,0.0,0.0,55.0,55.0
BASED/USDT,1,0,1,0.0,-0.121552,0.02365,-1.032185,,-1.032185,0.0,-1.032185,0.831354,-0.118765,57.100874,0.0
MOVR/USDT,1,0,1,0.0,-0.123333,0.023893,-1.028109,,-1.028109,0.0,-1.028109,0.828937,0.150716,55.721528,0.0
"币安人生/USDT",1,0,1,0.0,-0.123725,0.0239,-1.031042,,-1.031042,0.0,-1.031042,0.831874,0.284588,57.498113,0.0
ZEC/USDT,2,0,2,0.0,-0.132637,0.047674,-0.552808,,-0.552808,0.0,-0.552808,0.606356,0.184239,57.155121,17.112847
SKL/USDT,3,0,3,0.0,-0.193321,0.071871,-0.5368,,-0.5368,0.0,-0.5368,0.625797,0.239856,58.263167,9.658565
TRIA/USDT,2,0,2,0.0,-0.218197,0.100274,-0.647503,,-0.647503,0.0,-0.647503,0.811133,-0.041341,58.213941,28.550582
KERNEL/USDT,2,0,2,0.0,-0.249828,0.047528,-1.046791,,-1.046791,0.0,-1.046791,0.847639,0.098496,55.527783,0.0
LTC/USDT,4,1,3,25.0,-0.279963,0.300823,-0.116705,0.059135,-0.175318,0.024625,-0.116705,0.036942,0.115568,57.765581,44.318582
NEAR/USDT,9,5,4,55.56,-0.396207,0.499207,-0.010916,0.123034,-0.178353,0.172972,-0.010902,-0.00904,0.283725,58.345504,39.256623
UNI/USDT,3,1,2,33.33,-0.643536,0.535536,-0.102751,0.149912,-0.229083,0.023383,-0.102764,0.087747,0.194643,59.050248,33.034375
BCH/USDT,5,3,2,60.0,-0.851246,0.606566,-0.016611,0.142842,-0.25579,0.07091,-0.016611,0.102449,0.23959,58.717476,17.137612
