112,2026-03-31T21:02:28.471318,2026-03-31T21:02:46.273623,KAT/USDT,SELL,0.01026,0.01016,0.09307602339181216,0.77563352826510135,0.023883040935672516,"TP2 (3.6%)",1,-0.00237401,0.0,32.727044937745248,28.355706589190199,"⚪",0.0,0.97465886939570556,,RANGE,56.920539528131478,0.0,,0.00019612734247800718,0
77,2026-03-31T12:18:39.305162,2026-03-31T12:21:10.979065,STO/USDT,SELL,0.11052,0.10962,0.07342487999999979,0.61514657980455856,0.02377512,"TP2 (3.6%)",1,-0.00026993,0.0,16.200512188658095,25.10050442806001,"⚪",0.027144408251902143,0.81433224755700151,,RANGE,56.839297656183049,0.0,,,0
21,2026-03-28T13:14:12.817710,2026-03-28T13:42:44.633232,KAVA/USDT,BUY,0.0537,0.0541,1.9609542000000304,0.54413407821229898,0.7234458,"TP2 (3.6%)",1,-0.00015306,0.0,67.603438322365449,17.661417602720274,"⚪",0.0,0.74487895716946839,,RANGE,69.208333333333357,0.0,,,0
24,2026-03-28T13:54:17.228393,2026-03-28T14:01:39.438085,KAVA/USDT,BUY,0.0544,0.0548,1.3305554000000206,0.53455882352942008,0.4996446,"TP2 (3.6%)",1,-0.00013604,0.0,60.467470854680016,15.137031093150593,"🟢",0.0,0.73529411764706709,,RANGE,66.261904761904759,0.0,,,0
44,2026-03-28T16:24:09.241502,2026-03-28T16:24:09.962097,KAVA/USDT,BUY,0.055,0.0554,0.49287023999999591,0.52654545454545021,0.18788976000000002,"TP2 (3.6%)",1,-0.00024778,0.0,64.018034445834587,18.150303127851661,"🟢",-0.72727272727272285,0.72727272727272285,,RANGE,62.157051282051292,0.0,,,0
114,2026-03-31T21:10:47.738924,2026-03-31T21:14:45.516339,ON/USDT,SELL,0.07765,0.07712,0.057883532587736618,0.48323245331616571,0.023875048206710374,"TP2 (3.6%)",1,5.0e-05,0.0,19.712980931530836,39.657106097198394,"🟢",0.21893110109466002,0.68254990341275301,,RANGE,55.524301011696366,0.0,,0.0037204668028200704,0
97,2026-03-31T18:26:40.454948,2026-03-31T18:29:12.237512,NOM/USDT,BUY,0.004345,0.004373,0.053265193370166435,0.44377445339471233,0.024082872928176798,"TP2 (3.6%)",1,5.0e-05,0.0,70.214243892395686,43.374044943774713,"🟢",0.27617951668584256,0.64441887226697925,,RANGE,55.038413441843453,0.0,,,0
123,2026-04-01T19:24:47.337390,2026-04-01T19:29:02.184839,AIOT/USDT,BUY,0.01442,0.01451,0.050962447844227918,0.42350901525658657,0.024141863699582752,"TP2 (3.6%)",1,0.00039371,0.0,64.450327415290118,38.041242983001958,"🟢",-0.1386962552011039,0.62413314840499168,,RANGE,58.170318841934197,0.0,0.01533,0.00064781301389702623,0
100,2026-03-31T19:03:24.075484,2026-03-31T19:04:43.359949,AIA/USDT,SELL,0.10304,0.1024,0.051049632892804897,0.42173913043478428,0.024133920704845813,"TP2 (3.6%)",1,5.0e-05,0.0,30.905976003317605,30.624957039421282,"⚪",0.048524844720491546,0.62111801242236187,,RANGE,57.627532720565789,0.0,,,0
58,2026-03-29T20:18:15.479109,2026-03-29T20:24:10.056373,AXS/USDT,BUY,1.136,1.143,0.047210000000001175,0.41558098591550335,0.022789999999999998,"TP2 (3.6%)",1,-0.00014512,0.0,54.021625381217355,14.701785711263637,"🔴",0.0,0.61619718309860194,,RANGE,55.793650793650791,0.0,,,0
64,2026-03-31T10:52:31.621689,2026-03-31T10:56:52.547446,SEI/USDT,SELL,0.04884,0.04854,0.049641900000000398,0.41486486486486823,0.0238581,"TP2 (3.6%)",1,-0.00010485,0.0,23.884458148132467,32.058726728409674,"🟢",0.081900081900078567,0.61425061425061756,,RANGE,56.604936316754504,0.0,,,0
66,2026-03-31T11:09:55.354584,2026-03-31T11:15:07.165980,LIT/USDT,BUY,0.827,0.832,0.048444500000000064,0.40399032648125816,0.0240555,"TP2 (3.6%)",1,5.0e-05,0.0,60.196833387689402,30.648746115567583,"🔴",0.6045949214026608,0.6045949214026608,,RANGE,58.546578311257889,0.0,,,0
125,2026-04-01T19:27:05.464932,2026-04-01T19:30:15.503435,ONT/USDT,BUY,0.1163,0.117,0.060425660842457186,0.40128976784179377,0.030206356705689046,"TP2 (3.6%)",1,-0.00041013,0.0,57.337269597037782,65.73428694813191,"🟢",0.60189165950129508,0.60189165950129508,,RANGE,60.081508696079247,0.0,0.135,0.0086894735766603615,0
10,2026-03-28T13:00:34.659130,2026-03-28T13:09:37.265649,AXS/USDT,BUY,1.163,1.17,0.046669999999998948,0.40128976784177939,0.023330000000000004,"TP2 (3.6%)",1,-0.0003771,0.0,58.826022835114536,13.96268814507566,"⚪",-0.25795356835768629,0.60189165950128076,,RANGE,55.785714285714292,0.0,,,0
60,2026-03-30T21:42:23.536659,2026-03-30T21:43:18.988117,SKY/USDT,BUY,0.07818,0.07865,0.048228179999999725,0.40057559478127169,0.024151819999999998,"TP2 (3.6%)",1,-0.00010831,0.0,74.670907931115551,25.609838932308776,"⚪",0.20465592223074119,0.60117677155282456,,RANGE,55.151541990783095,0.0,,,0
61,2026-03-30T22:03:35.584360,2026-03-30T22:03:40.914716,SKY/USDT,BUY,0.07811,0.07857,0.046407960000000317,0.3883241582383844,0.02397204,"TP2 (3.6%)",1,-0.00030609,0.0,75.433333368828755,29.103709541635897,"🔴",-0.051209832287797179,0.58891307130969406,,RANGE,57.00934579439253,0.0,,,0
71,2026-03-31T12:14:16.672856,2026-03-31T12:15:05.123949,NOM/USDT,BUY,0.0036,0.003621,0.27093647700000367,0.3827500000000052,0.141986523,"TP2 (3.6%)",1,-0.00038047,0.0,63.762085762389198,29.928776772563946,"🔴",0.027777777777769418,0.58333333333333848,,RANGE,61.552302330732339,0.0,,,0
116,2026-04-01T17:41:39.822352,2026-04-01T17:43:41.199268,ARIA/USDT,BUY,0.41714,0.41954,0.044853173939032064,0.37477106007575711,0.024005164375373582,"TP2 (3.6%)",1,-0.00112327,0.0,59.663240120239806,36.380271107551224,"🟢",0.30685141679052674,0.57534640648223934,,RANGE,58.468488378657227,0.0,0.42471,0.023764207029822453,0
63,2026-03-31T10:52:27.196627,2026-03-31T10:55:08.956453,NIGHT/USDT,BUY,0.05065,0.05094,0.15280050999999884,0.37198420533069798,0.08238949000000001,"TP2 (3.6%)",1,-0.00044644,0.0,69.70325787148343,46.545817122669895,"⚪",0.078973346495554542,0.57255676209279094,,RANGE,60.7702753411399,0.0,,,0
9,2026-03-28T13:05:39.423594,2026-03-28T13:07:34.762371,KAVA/USDT,BUY,0.0534,0.0537,0.043248179999998804,0.36123595505616979,0.02401182,"TP2 (3.6%)",1,-0.00016484,0.0,61.152355776906482,14.681192913205786,"⚪",0.0,0.56179775280897881,,RANGE,55.000000000000007,0.0,,,0
72,2026-03-31T12:14:03.433075,2026-03-31T12:15:06.762713,LDO/USDT,BUY,0.3359,0.3375,0.032431000000001604,0.27585590949688771,0.023569,"Trailing (ATR)",1,1.285e-05,0.0,68.256947960338,25.313190302356617,"⚪",0.17862459065197664,0.50610300684728637,,RANGE,57.477133866813446,0.0,,,0
128,2026-04-01T19:27:10.991818,2026-04-01T19:34:33.702166,SOLV/USDT,BUY,0.003871,0.003889,0.031784790481118125,0.26453112890726488,0.024086911536471804,"Trailing (ATR)",1,1.238e-05,0.0,65.357883521127803,55.573841406089493,"🔴",0.23249806251614294,0.49082924308963888,,RANGE,59.546613948212723,0.0,0.004143,0.00013819122255573601,0
95,2026-03-31T18:02:42.051328,2026-03-31T18:10:41.661359,OPN/USDT,SELL,0.1731,0.1723,0.031532947976878278,0.26262276140958707,0.023958381502890175,"Trailing (ATR)",1,4.95e-06,0.0,33.455472889131727,51.405949994125635,"⚪",0.11554015020219857,0.51993067590988562,,RANGE,57.094919770956032,0.0,,,0
127,2026-04-01T19:24:32.329168,2026-04-01T19:33:15.698122,ONG/USDT,BUY,0.06955,0.06987,0.031197235819176657,0.25964054636951961,0.024086380650734238,"Trailing (ATR)",1,-0.00276121,0.0,58.466646103806433,51.726988066048421,"🟢",0.5751258087706651,0.51761322789360065,,RANGE,58.045801500479378,0.0,0.07399,0.0019718075447254487,0
52,2026-03-29T11:46:41.299800,2026-03-29T12:01:42.140727,AXS/USDT,SELL,1.119,1.114,0.22135999999999145,0.24727435210007984,0.17864000000000002,DEGRADED_SHORT_THESIS_INVALIDATED_62.1,1,-0.00037251,0.0,40.350695254083725,18.370157981484425,"🟢",0.089365504915112776,0.44682752457550429,,RANGE,62.051282051282065,62.051282051282065,,,0
126,2026-04-01T19:27:08.924839,2026-04-01T19:33:00.077115,VVV/USDT,BUY,6.864,6.894,0.028403380938502327,0.23662587412587771,0.024059457883998835,"Trailing (ATR)",1,5.0e-05,0.0,52.15219369263599,38.718723720225789,"🔴",0.17482517482516852,0.48076923076923611,,RANGE,57.498113360669876,0.0,6.941,0.19835612256559559,0
22,2026-03-28T13:31:53.982170,2026-03-28T13:43:39.352930,NEAR/USDT,BUY,1.183,1.188,0.036805999999998507,0.22223161453929782,0.033194,"Trailing (ATR)",1,-0.00010476,0.0,52.183821680732663,27.560916832643137,"🔴",-0.16906170752324612,0.50718512256973836,,RANGE,60.14018691588786,0.0,,,0
117,2026-04-01T17:41:25.404298,2026-04-01T17:48:25.408184,TWT/USDT,BUY,0.3875,0.3891,0.025518595041322013,0.2124903225806426,0.024068181818181822,"Trailing (ATR)",1,3.909e-05,0.0,60.543097570089948,46.351613051154153,"⚪",0.2322580645161321,0.43870967741934952,,RANGE,55.850070986482834,0.0,0.4285,0.011244494491099048,0
74,2026-03-31T12:18:44.203173,2026-03-31T12:18:59.396394,ZBT/USDT,BUY,0.10051,0.10092,0.024819829999999252,0.2075116903790605,0.02397017,"Trailing (ATR)",1,-0.00012001,0.0,81.040841053376113,50.433533257288666,"⚪",0.049746293901112695,0.4377673863297144,,RANGE,55.740009384022812,0.0,,,0
115,2026-03-31T22:32:03.615089,2026-03-31T22:37:15.260777,CETUS/USDT,SELL,0.02018,0.0201,0.02359603960396052,0.1968285431119931,0.023928712871287131,"Trailing (ATR)",1,-0.00064269,0.0,38.400078040211795,23.542181488742099,"⚪",0.14866204162536562,0.445986124876114,,RANGE,55.477967616584564,0.0,0.01989,0.00080361795104663583,0
113,2026-03-31T21:10:58.294518,2026-03-31T21:12:02.032374,KAT/USDT,SELL,0.01018,0.01014,0.023198428290766331,0.19332023575638607,0.02395284872298625,"Trailing (ATR)",1,-0.00238394,0.0,30.981328695736963,29.388242906945767,"⚪",-0.29469548133595785,0.49115913555991847,,RANGE,59.80513735612233,0.0,,0.00020628040370249701,0
54,2026-03-29T11:47:16.709148,2026-03-29T12:24:44.063452,BCH/USDT,SELL,451.07,449.35,0.036061519999998695,0.18169685414679992,0.03961848,"Trailing (ATR)",1,-8.4e-07,0.0,15.508743324113368,31.948298578613041,"⚪",0.31259006362649366,0.38353248941406393,,RANGE,60.217768415188203,0.0,,,0
121,2026-04-01T18:02:23.275790,2026-04-01T18:19:43.735779,MON/USDT,SELL,0.02396,0.02387,0.021076218242398904,0.17600166944908099,0.023905039566847145,"Trailing (ATR)",1,5.0e-05,0.0,43.768397153434123,22.663906555035627,"⚪",0.041736227045087906,0.4173622704507487,,RANGE,55.080219513840142,0.0,0.02356,0.00043062315483905628,0
84,2026-03-31T12:37:59.958505,2026-03-31T12:41:06.488977,KAT/USDT,SELL,0.01071,0.01067,0.020817160000000119,0.17385620915032776,0.02390284,"Trailing (ATR)",1,-0.00106365,0.0,46.124602226504685,35.872422985821665,"⚪",0.093370681605971909,0.46685340802989195,,RANGE,59.69013451536496,0.0,,,0
96,2026-03-31T18:26:48.482229,2026-03-31T18:27:51.437548,ON/USDT,SELL,0.08339,0.08308,0.020634479453696612,0.1721189591078123,0.023932430813465917,"Trailing (ATR)",1,5.0e-05,0.0,24.257549765578204,33.309282143025762,"🟢",0.0,0.41971459407603196,,RANGE,55.161995394362343,0.0,,,0
57,2026-03-29T12:59:12.045471,2026-03-29T13:33:46.871602,BCH/USDT,SELL,453.11,451.44,0.019901700000000411,0.16893248879963271,0.0235183,"Trailing (ATR)",1,3.63e-06,0.0,19.788093643437478,35.488735030490439,"🟢",-0.077243936351001463,0.39946149941515352,,RANGE,56.218866621508184,0.0,,,0
80,2026-03-31T12:18:44.949535,2026-03-31T12:31:12.817684,ROBO/USDT,SELL,0.02181,0.02173,0.020053000000000116,0.16717102246675936,0.023947,"Trailing (ATR)",1,-0.00092078,0.0,40.533296704585069,30.689594696106603,"⚪",0.18340210912426336,0.41265474552957271,,RANGE,59.032689422369003,0.0,,,0
86,2026-03-31T14:02:02.204759,2026-03-31T14:03:21.574937,CHZ/USDT,BUY,0.04259,0.04274,0.018172269999999255,0.1518431556703389,0.023977730000000003,"Trailing (ATR)",1,2.182e-05,0.0,48.980567376740034,26.151051167146864,"⚪",-0.023479690068081996,0.42263442122563888,,RANGE,56.219400015142227,0.0,,,0
17,2026-03-28T13:00:37.204650,2026-03-28T13:15:54.225918,UNI/USDT,BUY,3.426,3.438,0.015408000000000033,0.14991243432574464,0.020592,DEGRADED_CONFIDENCE_FLOOR_VIOLATED_44.0,1,-4.89e-06,0.0,61.118642589781899,15.74697884056631,"⚪",-0.23350846468184489,0.37945125510799477,,RANGE,55.785714285714292,44.0,,,0
55,2026-03-29T12:59:14.522189,2026-03-29T13:05:49.356618,NEAR/USDT,SELL,1.156,1.152,0.016920000000000039,0.14636678200692077,0.023079999999999996,"Trailing (ATR)",1,0.0001,0.0,37.666524566870571,31.641368848610313,"⚪",-0.17301038062283752,0.43252595155708429,,RANGE,55.771028037383189,0.0,,,0
45,2026-03-28T16:25:17.198606,2026-03-28T16:38:10.784950,AXS/USDT,BUY,1.163,1.167,0.016700000000000034,0.14359415305245085,0.0233,"Trailing (ATR)",1,-0.00029977,0.0,60.862602076296746,40.997738138678002,"🟢",0.0,0.4299226139294835,,RANGE,58.437500000000007,0.0,,,0
25,2026-03-28T13:13:42.708111,2026-03-28T14:02:34.157184,AXS/USDT,BUY,1.169,1.173,0.48579400000000095,0.1418306244653553,0.68620600000000009,"Trailing (ATR)",1,-0.000384,0.0,64.148697115907027,19.550931216082208,"⚪",0.0,0.51325919589392688,,RANGE,68.750000000000014,0.0,,,0
16,2026-03-28T13:00:42.049752,2026-03-28T13:15:47.722745,NEAR/USDT,BUY,1.183,1.187,0.016300000000000033,0.13778529163144576,0.023700000000000002,"Trailing (ATR)",1,-0.00010625,0.0,54.745914579507158,26.715452272910145,"🔴",-0.2535925612848598,0.42265426880810592,,RANGE,55.771028037383189,0.0,,,0
122,2026-04-01T18:49:24.212177,2026-04-01T18:58:29.823834,TWT/USDT,BUY,0.3866,0.3879,0.016227483273289451,0.13592860838076135,0.023916623777663407,"Trailing (ATR)",1,1.008e-05,0.0,61.274415398859787,46.000133849929249,"🔴",0.28453181583031295,0.38799793067770338,,RANGE,55.917011307345497,0.0,0.4285,0.010569887741734832,0
76,2026-03-31T12:17:18.341788,2026-03-31T12:20:48.318627,SEI/USDT,SELL,0.0498,0.04964,0.0145344000000001,0.12160642570281208,0.0238656,"Trailing (ATR)",1,-0.00012614,0.0,40.108069790746583,33.778438743007946,"⚪",0.0,0.40160642570280886,,RANGE,58.336635139253403,0.0,,,0
118,2026-04-01T18:03:47.228210,2026-04-01T18:06:27.194401,EDGE/USDT,BUY,0.6681,0.6701,0.011885064351990451,0.099057027391109359,0.024032325651002696,"Trailing (ATR)",1,-5.337e-05,0.0,54.602001380979168,32.508158715146927,"🔴",0.01496781918874255,0.49393803322855406,,RANGE,56.846140828397537,0.0,0.6875,0.026996523080958984,0
82,2026-03-31T12:17:23.329429,2026-03-31T12:32:23.922043,OPN/USDT,SELL,0.1797,0.1792,0.0093126000000000285,0.078519755147468243,0.0236874,DEGRADED_SHORT_THESIS_INVALIDATED_59.1,1,5.0e-05,0.0,38.976532732745696,47.448475031350185,"🟢",0.33388981636059512,0.33388981636059512,,RANGE,59.029722087913086,59.053668916225433,,,0
14,2026-03-28T13:00:19.108683,2026-03-28T13:15:36.252658,BCH/USDT,BUY,481.71,483.05,0.0090057600000007648,0.077897490191200486,0.02315424,DEGRADED_CONFIDENCE_FLOOR_VIOLATED_40.9,1,-0.00013919,0.0,47.317426906388036,14.371155550937134,"🔴",-0.23458097195407932,0.31346660854041808,,RANGE,55.785714285714292,40.897435897435905,,,0
83,2026-03-31T12:17:31.137097,2026-03-31T12:32:32.274728,PAXG/USDT,BUY,4635.56,4647.75,0.0058133799999991985,0.062704182450439613,0.018566620000000002,DEGRADED_CONFIDENCE_FLOOR_VIOLATED_33.6,1,5.0e-05,0.0,67.869711838861619,26.59633234790439,"🔴",-0.024161050660543512,0.32315405258479152,,RANGE,57.477133866813446,33.642361111111107,,,0
12,2026-03-28T13:00:17.492648,2026-03-28T13:15:17.797316,LTC/USDT,SELL,54.08,53.94,0.0070675800000001288,0.059134615384616465,0.02387242,DEGRADED_SHORT_THESIS_INVALIDATED_55.5,1,4.318e-05,0.0,25.316575228429031,24.144475765272272,"🟢",-0.24038461538460698,0.27736686390532284,,RANGE,55.386393394553089,55.488614590107737,,,0
49,2026-03-28T22:46:50.169113,2026-03-28T23:01:50.292452,NEAR/USDT,SELL,1.173,1.17,0.0065700000000011374,0.056010230179037834,0.02343,DEGRADED_SHORT_THESIS_INVALIDATED_58.0,1,0.0001,0.0,47.383065115396512,20.833587986243064,"🟢",0.0,0.25575447570333448,,RANGE,58.013698630136993,58.013698630136993,,,0
31,2026-03-28T13:54:20.291318,2026-03-28T14:09:20.658553,NEAR/USDT,SELL,1.188,1.185,0.0062699999999989153,0.052777777777768653,0.02373,DEGRADED_SHORT_THESIS_INVALIDATED_57.7,1,-9.508e-05,0.0,56.158160353091333,22.049476573528967,"🔴",0.0,0.25252525252524338,,RANGE,57.00934579439253,57.710280373831779,,,0
111,2026-03-31T20:44:19.783717,2026-03-31T20:59:20.347644,ROBO/USDT,SELL,0.02122,0.02117,0.0043034872761534178,0.035862393967945147,0.023971724787935911,DEGRADED_SHORT_THESIS_INVALIDATED_60.3,1,-0.00118206,0.0,31.330503467619536,31.492364958039129,"🟢",0.047125353440148884,0.23562676720074441,,RANGE,59.846619771586518,60.332730882697632,,0.0003158762528863581,0
