69,2026-03-31T12:03:29.444818,2026-03-31T12:04:43.616634,KERNEL/USDT,BUY,0.11271,0.11171,-0.1297885200000001,-1.0863454884216137,0.02378852,"Hard SL (-10.0%)",1,-0.01920008,0.0,85.901146736584664,51.329180942180692,"🔴",0.88723272114275653,0.044361636057132899,,RANGE,55.18234101666188,0.0,,,0
92,2026-03-31T16:53:52.611889,2026-03-31T17:03:47.395681,ZEC/USDT,BUY,252.16,249.94,-0.12953642384105957,-1.0795130076142128,0.023893405242495142,"Hard SL (-10.0%)",1,2.422e-05,0.0,66.041437755672533,39.964041570695244,"🔴",0.88039340101522789,0.23001269035533492,,RANGE,58.54839825630188,0.0,,,0
87,2026-03-31T16:13:19.558890,2026-03-31T16:15:45.061336,SKL/USDT,BUY,0.00697,0.00691,-0.12736911999999878,-1.0599713055953988,0.02392912,"Hard SL (-10.0%)",1,-0.00166412,0.0,65.443867443234012,53.999970516702128,"🔴",0.86083213773313194,0.0,,RANGE,56.917977372805275,0.0,,,0
124,2026-04-01T19:24:45.856057,2026-04-01T19:29:15.404914,TRIA/USDT,SELL,0.0246,0.02481,-0.12664442636289586,-1.0545121951219447,0.024122050447518306,"Hard SL (-10.0%)",1,5.0e-05,0.0,29.930889756921772,38.396115899276516,"⚪",0.85365853658535928,-0.36585365853658458,,RANGE,55.735595643520355,0.0,,0.00084160113024995468,0
91,2026-03-31T16:53:56.886353,2026-03-31T17:02:09.762735,"币安人生/USDT",BUY,0.04568,0.0453,-0.12372504378283672,-1.0310420315236391,0.023900175131348518,"Hard SL (-10.0%)",1,5.0e-05,0.0,56.619805397301363,28.0908883631535,"🔴",0.83187390542906836,0.28458844133099426,,RANGE,57.498113360669876,0.0,,,0
85,2026-03-31T13:42:48.024674,2026-03-31T13:43:40.403745,MOVR/USDT,BUY,1.327,1.316,-0.12333271999999906,-1.028108515448372,0.02389272,"Hard SL (-10.0%)",1,-0.00097987,0.0,83.345044487126671,50.91967589697849,"⚪",0.82893745290127352,0.15071590052750578,,RANGE,55.721528153042158,0.0,,,0
73,2026-03-31T12:14:04.243779,2026-03-31T12:15:27.216082,KERNEL/USDT,BUY,0.11138,0.11048,-0.12003902000000127,-1.0072364876997773,0.023739020000000003,"Hard SL (-10.0%)",1,-0.01817461,0.0,82.605830077034312,50.843009880023587,"🔴",0.80804453223200934,0.15263063386603484,,RANGE,55.873224611798676,0.0,,,0
68,2026-03-31T11:44:52.534451,2026-03-31T12:01:51.698329,SEI/USDT,SELL,0.04879,0.04913,-0.10816624,-0.89756097560975601,0.024186239999999998,DEGRADED_SHORT_THESIS_INVALIDATED_56.3,1,-0.00013573,0.0,22.787536445954814,34.045530624210478,"⚪",0.30744004919040247,0.26644804263168309,,RANGE,55.020336487372141,56.3010367486212,,,0
20,2026-03-28T13:00:43.722887,2026-03-28T13:28:18.553500,FIL/USDT,SELL,0.822,0.826,-0.081896000000000052,-0.68710462287104679,0.023895999999999997,DEGRADED_SHORT_THESIS_INVALIDATED_55.0,1,-0.00018326,0.0,47.115117294839912,14.262273751641789,"🟢",0.0,0.0,,RANGE,55.000000000000007,55.000000000000007,,,0
37,2026-03-28T13:36:44.569346,2026-03-28T14:36:44.642735,DOGE/USDT,BUY,0.09262,0.09223,-0.074155649999998408,-0.62065428633123265,0.023845650000000003,"Time Limit 60m",1,0.0001,0.0,61.161906516124901,34.477599728325728,"🔴",0.76657309436405585,0.053984020729873003,,RANGE,55.771028037383189,0.0,,,0
33,2026-03-28T13:14:02.906351,2026-03-28T14:14:03.044951,AVAX/USDT,BUY,8.898,8.866,-0.04976400000000003,-0.55927174645987898,0.017764000000000002,"Time Limit 60m",1,5.942e-05,0.0,51.763523489348366,17.530339742739844,"⚪",0.43830074173971345,0.12362328613172632,,RANGE,55.105769230769241,0.0,,,0
65,2026-03-31T10:46:42.752356,2026-03-31T11:01:43.440890,SKL/USDT,BUY,0.00683,0.00681,-0.059004560000000095,-0.49253294289897587,0.02392456,DEGRADED_CONFIDENCE_FLOOR_VIOLATED_29.0,1,-0.00443947,0.0,67.825406036563891,52.427024958975885,"🔴",0.73206442166911512,0.29282576866764348,,RANGE,58.05259601606263,28.975694444444443,,,0
39,2026-03-28T14:16:18.291423,2026-03-28T15:16:18.407664,XRP/USDT,SELL,1.343,1.3464,-0.054195660000000617,-0.45341772151899251,0.02393566,"Time Limit 60m",1,-2.548e-05,0.0,54.373494289417678,26.592450360310576,"🔴",0.33507073715561792,0.022338049143705657,,RANGE,55.771028037383189,0.0,,,0
28,2026-03-28T13:07:05.288058,2026-03-28T14:07:05.320342,HBAR/USDT,BUY,0.09088,0.0907,-0.047366979999999948,-0.39786531690140803,0.02378698,"Time Limit 60m",1,0.0001,0.0,47.638013984766367,13.887327616529172,"⚪",0.209066901408446,-0.08802816901408092,,RANGE,55.000000000000007,0.0,,,0
40,2026-03-28T15:01:54.752476,2026-03-28T15:16:58.564291,KAVA/USDT,BUY,0.0551,0.055,-1.315204990000018,-0.38130671506352609,0.68921499,DEGRADED_CONFIDENCE_FLOOR_VIOLATED_40.5,1,-0.000409,0.0,62.83607460390423,16.637245595263742,"🟢",0.72595281306715875,0.0,,RANGE,68.750000000000014,40.544871794871803,,,0
36,2026-03-28T14:16:52.614553,2026-03-28T14:31:52.815289,ETC/USDT,SELL,8.148,8.162,-0.044555700000001648,-0.3719931271477801,0.0239757,DEGRADED_SHORT_THESIS_INVALIDATED_55.8,1,-6.748e-05,0.0,52.716767552121553,20.189281831283747,"🔴",0.098183603338253503,0.024545900834547028,,RANGE,55.825,55.825,,,0
32,2026-03-28T13:10:49.082256,2026-03-28T14:10:49.251524,LINK/USDT,BUY,8.609,8.595,-0.04337355999999909,-0.36245789290276859,0.02391356,"Time Limit 60m",1,2.29e-06,0.0,48.143079528756417,13.893153602396078,"🟢",0.19746776629108445,-0.069694505749799365,,RANGE,55.105769230769241,0.0,,,0
35,2026-03-28T13:28:51.885808,2026-03-28T14:28:51.978894,BCH/USDT,BUY,483.04,482.26,-0.89882950000001527,-0.36131583305730991,0.4971295,"Time Limit 60m",1,-0.00013646,0.0,57.002022272606531,13.513905117743061,"🔴",0.44509771447499874,0.076598211328255325,,RANGE,66.261904761904759,0.0,,,0
11,2026-03-28T13:00:09.411383,2026-03-28T13:15:09.908658,DOT/USDT,SELL,1.28,1.282,-0.042426600000000023,-0.35640625000000015,0.023826600000000003,DEGRADED_SHORT_THESIS_INVALIDATED_55.0,1,-0.00038028,0.0,44.636623633688615,23.419172973686802,"🟢",0.23437499999999154,-0.15625000000000014,,RANGE,55.000000000000014,55.000000000000014,,,0
41,2026-03-28T15:02:47.989106,2026-03-28T15:17:52.409956,AXS/USDT,BUY,1.176,1.175,-0.56966999999998125,-0.28494897959182736,0.39966999999999997,DEGRADED_CONFIDENCE_FLOOR_VIOLATED_44.8,1,-0.00051686,0.0,70.048367570337405,41.797229810343239,"🟢",0.68027210884353806,0.085034013605451694,,RANGE,64.96875,44.790625000000006,,,0
42,2026-03-28T15:09:37.738130,2026-03-28T15:24:38.613350,NEAR/USDT,SELL,1.189,1.19,-0.429132999999986,-0.28418839360806469,0.302133,DEGRADED_SHORT_THESIS_INVALIDATED_63.7,1,-4.429e-05,0.0,57.476950703517645,21.076877478697433,"⚪",0.084104289318746001,0.16820857863751065,,RANGE,63.698630136986303,63.698630136986303,,,0
30,2026-03-28T13:09:01.833404,2026-03-28T14:09:01.969069,SOL/USDT,BUY,83.37,83.3,-0.033133800000001039,-0.28387909319900134,0.023333800000000002,"Time Limit 60m",1,-0.00025372,0.0,49.664192252701014,16.481894395046528,"⚪",0.16792611251049605,0.0,,RANGE,55.000000000000014,0.0,,,0
67,2026-03-31T11:09:58.107387,2026-03-31T11:24:59.154294,2Z/USDT,BUY,0.07812,0.07807,-0.031547069999999157,-0.26394009216589159,0.02389707,DEGRADED_CONFIDENCE_FLOOR_VIOLATED_34.2,1,-0.00060763,0.0,65.855214033079193,51.836063396095234,"🔴",0.42242703533025727,0.12800819252432522,,RANGE,57.583996362156341,34.225694444444443,,,0
34,2026-03-28T13:28:45.532039,2026-03-28T14:28:45.794679,UNI/USDT,BUY,3.435,3.433,-0.63849600000001616,-0.25816593886463535,0.494496,"Time Limit 60m",1,9.49e-06,0.0,63.426716875541459,19.923204182892281,"⚪",0.26200873362445115,0.11644832605531305,,RANGE,66.261904761904759,0.0,,,0
51,2026-03-29T07:39:11.858941,2026-03-29T07:54:24.846937,ENJ/USDT,BUY,0.02064,0.02063,-0.029787869999999762,-0.24840116279069568,0.02397787,DEGRADED_CONFIDENCE_FLOOR_VIOLATED_44.3,1,-0.00943679,0.0,56.504060471013666,25.281114056989331,"🔴",0.48449612403100489,0.4844961240310216,,RANGE,56.158560880807954,44.343750000000007,,,0
38,2026-03-28T14:46:26.794791,2026-03-28T15:01:26.859014,ICP/USDT,SELL,2.254,2.255,-0.027544999999999448,-0.24440993788819387,0.022545,DEGRADED_SHORT_THESIS_INVALIDATED_55.1,1,-4.185e-05,0.0,52.658456128975949,28.564582067541586,"🔴",0.088731144631755979,0.13309671694765368,,RANGE,55.103125000000006,55.103125000000006,,,0
120,2026-04-01T18:02:28.807505,2026-04-01T18:17:50.117771,TRIA/USDT,SELL,0.02472,0.02473,-0.091552108890981837,-0.240493527508089,0.076152258783163715,DEGRADED_SHORT_THESIS_INVALIDATED_57.1,1,5.0e-05,0.0,30.455627768686995,36.142432035765914,"⚪",0.768608414239493,0.28317152103560117,,RANGE,60.692287143733765,57.101163191927796,,0.00087925338182835,0
107,2026-03-31T19:28:19.349849,2026-03-31T19:28:19.691212,TWT/USDT,SELL,0.3603,0.3604,-0.027280886426592432,-0.22778240355259197,0.023956786703601109,STRUCTURAL_INVALIDATION,1,-6.84e-05,0.0,30.783585151558441,56.779013237758889,"🟢",0.027754648903688315,-0.027754648903688315,,RANGE,55.178510940737191,0.0,0.3567,0.0091706071253493497,0
27,2026-03-28T13:07:01.830353,2026-03-28T14:07:01.908649,ETH/USDT,BUY,2021.12,2020.64,-0.022608799999998954,-0.22372545915135128,0.0202088,"Time Limit 60m",1,-8.59e-06,0.0,48.824668403900034,19.562768283229453,"🔴",0.078669252691572905,0.025233533882214727,,RANGE,55.000000000000007,0.0,,,0
23,2026-03-28T13:28:43.151699,2026-03-28T13:43:43.425987,LTC/USDT,SELL,54.09,54.1,-0.25020822999999581,-0.21850619338139771,0.22903823,DEGRADED_SHORT_THESIS_INVALIDATED_66.0,1,6.361e-05,0.0,36.319969111354027,32.202520379136566,"🟢",0.073950822702900987,0.036975411351457065,,RANGE,62.710280373831786,66.0,,,0
19,2026-03-28T13:05:35.661615,2026-03-28T13:20:35.979369,GALA/USDT,SELL,0.00292,0.00292,-0.024078319999999997,-0.2,0.024078319999999997,DEGRADED_SHORT_THESIS_INVALIDATED_55.8,1,3.855e-05,0.0,41.247585204897256,17.789129849932966,"⚪",0.34246575342465846,0.0,,RANGE,55.1375,55.785714285714292,,,0
47,2026-03-28T17:02:09.719549,2026-03-28T17:17:10.561697,UNI/USDT,SELL,3.408,3.408,-0.020448,-0.2,0.020448,DEGRADED_SHORT_THESIS_INVALIDATED_55.1,1,6.58e-05,0.0,48.547736580767214,23.629896663786504,"⚪",0.23474178403755891,0.088028169014087845,,RANGE,55.103125000000006,55.103125000000006,,,0
53,2026-03-29T11:46:42.366045,2026-03-29T12:01:42.399989,NEAR/USDT,SELL,1.153,1.153,-0.023060000000000004,-0.2,0.023060000000000004,DEGRADED_SHORT_THESIS_INVALIDATED_56.1,1,0.0001,0.0,34.14342449461401,30.013716862063884,"⚪",0.086730268863823928,0.17346053772766709,,RANGE,56.473214285714292,56.101468624833117,,,0
56,2026-03-29T12:57:27.094556,2026-03-29T13:15:51.893086,AXS/USDT,SELL,1.119,1.119,-0.17904,-0.2,0.17904,DEGRADED_SHORT_THESIS_INVALIDATED_55.7,1,-0.00035104,0.0,41.101424570478883,18.777296509880216,"🟢",0.0,0.0,,RANGE,62.071428571428569,55.714285714285708,,,0
98,2026-03-31T18:26:33.090494,2026-03-31T18:41:33.465287,SAHARA/USDT,SELL,0.02294,0.02294,-0.024,-0.2,0.024,DEGRADED_SHORT_THESIS_INVALIDATED_56.1,1,-0.00148098,0.0,35.513961455561727,54.125250498403076,"⚪",0.2179598953792565,0.08718395815169655,,RANGE,57.023738884263565,56.051516662041344,,,0
99,2026-03-31T18:26:50.067259,2026-03-31T18:41:50.429938,KAT/USDT,SELL,0.01057,0.01057,-0.024,-0.2,0.024,DEGRADED_SHORT_THESIS_INVALIDATED_56.5,1,-0.00055117,0.0,40.496445717762001,31.953348838512945,"🟢",0.3784295175023662,0.094607379375587442,,RANGE,57.477133866813446,56.504911644591225,,,0
102,2026-03-31T19:18:43.363897,2026-03-31T19:18:44.966711,KAT/USDT,SELL,0.0106,0.0106,-0.024,-0.2,0.024,STRUCTURAL_INVALIDATION,1,-0.0010796,0.0,44.258031997190045,31.899232306931236,"🟢",0.0,0.0,,RANGE,59.923469712336861,0.0,0.01044,0.00019147228561270147,0
103,2026-03-31T19:18:44.136649,2026-03-31T19:18:45.005588,EWY/USDT,BUY,121.76,121.76,-0.023988179280906258,-0.2,0.023988179280906258,STRUCTURAL_INVALIDATION,1,0.00098351,0.0,62.401863569394507,39.317661210730819,"⚪",0.0,0.0,,RANGE,56.832730882697632,0.0,123.16,1.6444306876241928,0
104,2026-03-31T19:18:46.109561,2026-03-31T19:18:47.091683,AIA/USDT,SELL,0.10209,0.10209,-0.024,-0.2,0.024,STRUCTURAL_INVALIDATION,1,5.0e-05,0.0,30.757332072024539,31.067983785816686,"⚪",0.0,0.0,,RANGE,57.314734084738618,0.0,0.0993,0.0038391715558799386,0
105,2026-03-31T19:18:50.787612,2026-03-31T19:18:51.145024,ORCA/USDT,BUY,0.875,0.875,-0.02397260273972603,-0.2,0.02397260273972603,STRUCTURAL_INVALIDATION,1,-6.304e-05,0.0,54.339672324982018,30.112839285627143,"⚪",0.0,0.0,,RANGE,59.846619771586518,0.0,0.898,0.013579015804376022,0
108,2026-03-31T20:04:23.839769,2026-03-31T20:04:24.107390,ONT/USDT,BUY,0.0796,0.0796,-0.024,-0.2,0.024,STRUCTURAL_INVALIDATION,1,-0.0003934,0.0,57.275848067062746,38.892001815269204,"🔴",0.0,0.0,,RANGE,57.818363050619759,0.0,0.0824,0.0033782441039706466,0
109,2026-03-31T20:04:30.278909,2026-03-31T20:04:30.601146,ZRO/USDT,BUY,1.9082,1.9082,-0.024001257795713014,-0.2,0.024001257795713014,STRUCTURAL_INVALIDATION,1,-0.00013795,0.0,59.269551180560654,31.822936850300284,"🔴",0.0,0.0,,RANGE,55.948317305909256,0.0,1.9865,0.025798293893232748,0
119,2026-04-01T18:00:44.037960,2026-04-01T18:15:44.837517,XPL/USDT,BUY,0.106,0.106,-0.024,-0.2,0.024,DEGRADED_CONFIDENCE_FLOOR_VIOLATED_35.7,1,5.0e-05,0.0,68.021278395969034,43.736592511606794,"⚪",0.47169811320754757,0.37735849056603549,,RANGE,57.260885013474351,35.684027777777772,,0.0023718744919131616,0
29,2026-03-28T13:54:01.450202,2026-03-28T14:09:01.483625,LTC/USDT,SELL,54.11,54.1,-0.021704410000000441,-0.1815006468305341,0.02391441,DEGRADED_SHORT_THESIS_INVALIDATED_55.8,1,7.483e-05,0.0,50.486620558334771,20.118721274830943,"🟢",0.2772130844575838,0.036961744594337501,,RANGE,55.000000000000007,55.785714285714292,,,0
94,2026-03-31T16:53:47.159374,2026-03-31T17:08:47.836919,HOOD/USDT,BUY,69.18,69.2,-0.020534258456201906,-0.1711188204683492,0.024003469210754556,DEGRADED_CONFIDENCE_FLOOR_VIOLATED_23.0,1,0.00021332,0.0,67.383354982877634,26.506569390888753,"⚪",0.0,0.17346053772765296,,RANGE,56.787147859732308,23.020236690839131,,,0
79,2026-03-31T12:14:19.204205,2026-03-31T12:29:24.774422,XAUT/USDT,BUY,4622.53,4623.87,-0.015812799999999714,-0.17104053407981901,0.018492800000000004,DEGRADED_CONFIDENCE_FLOOR_VIOLATED_33.6,1,2.938e-05,0.0,66.693508163986223,28.276277878206535,"🔴",0.030935440116113502,0.27820262929609074,,RANGE,57.477133866813446,33.642361111111107,,,0
26,2026-03-28T13:05:42.258139,2026-03-28T14:05:42.275946,ADA/USDT,BUY,0.2502,0.2503,-0.018823499999997911,-0.16007194244602541,0.023523500000000003,"Time Limit 60m",1,-6.149e-05,0.0,48.156593377911889,19.880618869178218,"🔴",0.0,0.11990407673861811,,RANGE,55.000000000000007,0.0,,,0
43,2026-03-28T15:29:06.704462,2026-03-28T15:44:07.919375,BCH/USDT,BUY,482.07,482.31,-0.017385119999999782,-0.15026448441097579,0.02314512,DEGRADED_CONFIDENCE_FLOOR_VIOLATED_44.8,1,-0.00015862,0.0,64.848993938053312,40.025429242947325,"🔴",0.066380401186548255,0.024892650444957074,,RANGE,55.103125000000006,44.790625000000006,,,0
15,2026-03-28T13:00:35.571729,2026-03-28T13:15:36.282676,AAVE/USDT,BUY,98.0,98.07,-0.01260700000000068,-0.12864285714286408,0.019607,DEGRADED_CONFIDENCE_FLOOR_VIOLATED_40.9,1,7.54e-06,0.0,49.408453761764349,18.366161882899636,"🟢",-0.040816326530618625,0.11224489795918309,,RANGE,55.785714285714292,40.897435897435905,,,0
48,2026-03-28T17:19:30.086304,2026-03-28T22:31:51.556224,LTC/USDT,SELL,54.07,54.03,-0.015118200000000193,-0.12594784538561282,0.023998200000000004,"Time Limit 60m",1,3.195e-05,0.0,47.378756118411047,15.456221105307463,"🟢",0.036989088218981184,0.11096726465693041,,RANGE,57.965651709401719,0.0,,,0
46,2026-03-28T16:25:13.613020,2026-03-28T16:40:13.726843,NEAR/USDT,SELL,1.188,1.187,-0.013750000000001102,-0.11574074074075001,0.02375,DEGRADED_SHORT_THESIS_INVALIDATED_59.7,1,-4.057e-05,0.0,55.093531144239108,20.480592568668108,"⚪",0.084175084175093604,0.16835016835016853,,RANGE,59.691780821917803,59.691780821917803,,,0
13,2026-03-28T13:00:14.177565,2026-03-28T13:15:36.225512,BNB/USDT,BUY,616.1,616.63,-0.0070273000000002717,-0.11406102905372946,0.0123273,DEGRADED_CONFIDENCE_FLOOR_VIOLATED_40.9,1,0.0,0.0,46.953951778897135,15.754482756850411,"⚪",-0.086024995942212745,0.12173348482389224,,RANGE,55.785714285714292,40.897435897435905,,,0
50,2026-03-29T07:37:35.600072,2026-03-29T07:52:35.735110,NEAR/USDT,SELL,1.157,1.156,-0.013129999999998879,-0.11348314606740603,0.023129999999999998,DEGRADED_SHORT_THESIS_INVALIDATED_58.1,1,0.0001,0.0,36.560073372643849,27.242926708493847,"🔴",0.25929127052721618,0.17286084701815055,,RANGE,58.540625000000006,58.093750000000007,,,0
59,2026-03-30T20:31:27.017267,2026-03-30T20:46:52.585665,AXS/USDT,SELL,1.127,1.126,-0.012529999999998879,-0.11118012422359255,0.022529999999999998,DEGRADED_SHORT_THESIS_INVALIDATED_55.0,1,-0.0004447,0.0,48.129690327405022,11.189509564688041,"⚪",0.0,0.0,,RANGE,55.034013605442176,55.034013605442176,,,0
89,2026-03-31T16:53:45.690186,2026-03-31T16:58:37.958140,FHE/USDT,BUY,0.01888,0.0189,-0.01130084745762764,-0.094173728813563673,0.024012711864406781,"Dynamic SL",1,0.00033106,0.0,51.637723919140299,25.633834634961517,"⚪",0.0,0.37076271186441007,,RANGE,56.041981971926155,0.0,,,0
110,2026-03-31T20:04:34.799780,2026-03-31T20:04:35.655828,ORCA/USDT,BUY,0.877,0.878,-0.010318906605922539,-0.086088939566704562,0.023986332574031891,STRUCTURAL_INVALIDATION,1,-0.0001043,0.0,55.404976573633412,28.992021681730726,"🟢",-0.11402508551881423,0.11402508551881423,,RANGE,55.835758984088891,0.0,0.898,0.012961126920389979,0
106,2026-03-31T19:24:46.066188,2026-03-31T19:24:46.124979,ONT/USDT,BUY,0.08,0.0801,-0.038177432034278994,-0.075124999999996403,0.10170061345571313,STRUCTURAL_INVALIDATION,1,-0.00051005,0.0,58.339051483411737,38.515251101981157,"🔴",-0.12500000000000358,0.12500000000000358,,RANGE,61.024357981152001,0.0,0.0824,0.0035260211229573993,0
90,2026-03-31T16:53:47.969874,2026-03-31T17:00:42.423252,SKL/USDT,BUY,0.00703,0.00704,-0.0069473684210518485,-0.05789473684209874,0.02401706970128023,"Dynamic SL",1,-0.00157477,0.0,67.242539996719927,53.999970516702128,"🔴",0.28449502133712734,0.42674253200569723,,RANGE,59.818928976853691,0.0,,,0
75,2026-03-31T12:18:36.200166,2026-03-31T12:19:22.603009,LDO/USDT,BUY,0.3379,0.3384,-0.006170499999999985,-0.052175199763243446,0.0236705,"Dynamic SL",1,1.853e-05,0.0,69.756836979391579,25.538784354454748,"⚪",-0.029594554601966409,0.3847292098253991,,RANGE,58.013254466984002,0.0,,,0
70,2026-03-31T12:03:22.332682,2026-03-31T12:05:36.584898,OPN/USDT,SELL,0.179,0.1787,-0.0038659000000003524,-0.032234636871511319,0.0239659,"Dynamic SL",1,5.0e-05,0.0,36.790182293551503,47.448475031350185,"🟢",0.055865921787718847,0.39106145251396995,,RANGE,57.597537527481713,0.0,,,0
101,2026-03-31T19:18:41.013910,2026-03-31T19:18:41.992779,OPN/USDT,SELL,0.1763,0.176,-0.0035638841567276029,-0.029665343165046831,0.024006814310051111,STRUCTURAL_INVALIDATION,1,-2.527e-05,0.0,40.668925029975441,50.084226546801212,"🔴",-0.17016449234261058,0.17016449234261058,,RANGE,56.110666904184548,0.0,0.1737,0.0037663410405499227,0
88,2026-03-31T16:13:22.251453,2026-03-31T16:28:22.693271,ZEC/USDT,BUY,252.77,253.21,-0.0031010600000001068,-0.026102781184476905,0.02378106,DEGRADED_CONFIDENCE_FLOOR_VIOLATED_34.2,1,-1.232e-05,0.0,67.93800562994906,40.332492065688982,"🔴",0.33231791747438516,0.13846579894765768,,RANGE,55.761844274070526,34.225694444444443,,,0
81,2026-03-31T12:17:19.844707,2026-03-31T12:32:12.616487,CFG/USDT,SELL,0.164,0.1637,-0.0020221000000003875,-0.016890243902442259,0.0239221,"Dynamic SL",1,-0.00039865,0.0,45.10814268724679,23.919687227087927,"⚪",0.60975609756097615,0.36585365853659585,,RANGE,56.258530027336541,0.0,,,0
78,2026-03-31T12:17:16.464231,2026-03-31T12:22:03.847266,THE/USDT,SELL,0.1079,0.1077,-0.0017347200000009076,-0.014457831325308769,0.02397472,"Dynamic SL",1,5.0e-05,0.0,38.274841792446779,34.29778207241489,"⚪",0.18535681186284128,0.37071362372566968,,RANGE,59.053668916225433,0.0,,,0
93,2026-03-31T16:53:56.060577,2026-03-31T17:07:29.828114,XAUT/USDT,BUY,4636.48,4645.66,-0.00026425882565931161,-0.0022029643177520195,0.024014954141495154,"Dynamic SL",1,2.705e-05,0.0,65.347846007588629,34.446375909224813,"⚪",0.0043136172268578342,0.35263820829595655,,RANGE,55.332915133900109,0.0,,,0
62,2026-03-31T10:46:54.257104,2026-03-31T10:52:45.309541,STO/USDT,SELL,0.11626,0.11603,-0.00023586999999918035,-0.0019697230345708259,0.023925870000000002,"Dynamic SL",1,-0.00023063,0.0,18.957829013609867,19.653021352181192,"⚪",-0.19783244452090829,0.39566488904180469,,RANGE,57.151728505261708,0.0,,,0
18,2026-03-28T13:00:41.119866,2026-03-28T13:15:54.261125,XLM/USDT,BUY,0.17063,0.17097,-0.00011199999999951527,-0.00093770145929383754,0.023912000000000003,DEGRADED_CONFIDENCE_FLOOR_VIOLATED_44.0,1,6.646e-05,0.0,50.591035870166742,25.286105403287376,"🔴",-0.13479458477407721,0.26958916954813816,,RANGE,55.771028037383189,44.0,,,0
